**Algorithm Name**,**Claimed NIST Level**,**Public key size (bytes)**,**Secret key size (bytes)**,**Ciphertext size (bytes)**,**Shared secret size (bytes)**,**Keypair seed size (bytes)**,**Encapsulation seed size (bytes)**
BIKE-L1,1,1541,5223,1573,32,n/a,n/a
BIKE-L3,3,3083,10105,3115,32,n/a,n/a
BIKE-L5,5,5122,16494,5154,32,n/a,n/a
Classic-McEliece-348864,1,261120,6492,96,32,n/a,n/a
Classic-McEliece-348864f,1,261120,6492,96,32,n/a,n/a
Classic-McEliece-460896,3,524160,13608,156,32,n/a,n/a
Classic-McEliece-460896f,3,524160,13608,156,32,n/a,n/a
Classic-McEliece-6688128,5,1044992,13932,208,32,n/a,n/a
Classic-McEliece-6688128f,5,1044992,13932,208,32,n/a,n/a
Classic-McEliece-6960119,5,1047319,13948,194,32,n/a,n/a
Classic-McEliece-6960119f,5,1047319,13948,194,32,n/a,n/a
Classic-McEliece-8192128,5,1357824,14120,208,32,n/a,n/a
Classic-McEliece-8192128f,5,1357824,14120,208,32,n/a,n/a
FrodoKEM-640-AES,1,9616,19888,9752,16,n/a,n/a
FrodoKEM-640-SHAKE,1,9616,19888,9752,16,n/a,n/a
FrodoKEM-976-AES,3,15632,31296,15792,24,n/a,n/a
FrodoKEM-976-SHAKE,3,15632,31296,15792,24,n/a,n/a
FrodoKEM-1344-AES,5,21520,43088,21696,32,n/a,n/a
FrodoKEM-1344-SHAKE,5,21520,43088,21696,32,n/a,n/a
eFrodoKEM-640-AES,1,9616,19888,9720,16,n/a,n/a
eFrodoKEM-640-SHAKE,1,9616,19888,9720,16,n/a,n/a
eFrodoKEM-976-AES,3,15632,31296,15744,24,n/a,n/a
eFrodoKEM-976-SHAKE,3,15632,31296,15744,24,n/a,n/a
eFrodoKEM-1344-AES,5,21520,43088,21632,32,n/a,n/a
eFrodoKEM-1344-SHAKE,5,21520,43088,21632,32,n/a,n/a
HQC-1,1,2241,2321,4433,32,n/a,n/a
HQC-3,3,4514,4602,8978,32,n/a,n/a
HQC-5,5,7237,7333,14421,32,n/a,n/a
Kyber512,1,800,1632,768,32,n/a,n/a
Kyber768,3,1184,2400,1088,32,n/a,n/a
Kyber1024,5,1568,3168,1568,32,n/a,n/a
ML-KEM-512,1,800,1632,768,32,64,32
ML-KEM-768,3,1184,2400,1088,32,64,32
ML-KEM-1024,5,1568,3168,1568,32,64,32
NTRU-HPS-2048-509,1,699,935,699,32,n/a,n/a
NTRU-HPS-2048-677,3,930,1234,930,32,n/a,n/a
NTRU-HPS-4096-821,5,1230,1590,1230,32,n/a,n/a
NTRU-HPS-4096-1229,5,1842,2366,1842,32,n/a,n/a
NTRU-HRSS-701,3,1138,1450,1138,32,n/a,n/a
NTRU-HRSS-1373,5,2401,2983,2401,32,n/a,n/a
sntrup761,2,1158,1763,1039,32,n/a,n/a
