**Algorithm Name**,**Hybrid Algorithm (*)**,**TLS Handshake Test Support (*)**,**OpenSSL Speed Test Support (*)**,**TLS Handshake Bytes Test Support (*)**,**Requires Enabling (*)**
bikel1,,*,*,*,*
bikel3,,*,*,*,
bikel5,,*,*,*,
p256_bikel1,*,*,*,*,*
x25519_bikel1,*,*,*,*,*
p384_bikel3,*,*,*,*,
x448_bikel3,*,*,*,*,
p521_bikel5,*,*,*,*,
efrodo640aes,,*,*,*,
efrodo640shake,,*,*,*,
efrodo976aes,,*,*,*,
efrodo976shake,,*,*,*,
efrodo1344aes,,*,*,*,
efrodo1344shake,,*,*,*,
p256_efrodo640aes,*,*,*,*,
x25519_efrodo640aes,*,*,*,*,
p256_efrodo640shake,*,*,*,*,
x25519_efrodo640shake,*,*,*,*,
p384_efrodo976aes,*,*,*,*,
x448_efrodo976aes,*,*,*,*,
p384_efrodo976shake,*,*,*,*,
x448_efrodo976shake,*,*,*,*,
p521_efrodo1344aes,*,*,*,*,
p521_efrodo1344shake,*,*,*,*,
frodo640aes,,*,*,*,
frodo640shake,,*,*,*,
frodo976aes,,*,*,*,
frodo976shake,,*,*,*,
frodo1344aes,,*,*,*,
frodo1344shake,,*,*,*,
p256_frodo640aes,*,*,*,*,
x25519_frodo640aes,*,*,*,*,
p256_frodo640shake,*,*,*,*,
x25519_frodo640shake,*,*,*,*,
p384_frodo976aes,*,*,*,*,
x448_frodo976aes,*,*,*,*,
p384_frodo976shake,*,*,*,*,
x448_frodo976shake,*,*,*,*,
p521_frodo1344aes,*,*,*,*,
p521_frodo1344shake,*,*,*,*,
hqc1,,*,*,*,
hqc3,,*,*,*,
hqc5,,*,*,*,
p256_hqc1,*,*,*,*,
x25519_hqc1,*,*,*,*,
p384_hqc3,*,*,*,*,
x448_hqc3,*,*,*,*,
p521_hqc5,*,*,*,*,
SecP256r1MLKEM512,*,*,*,*,
x25519_mlkem512,*,*,*,*,
bp256_mlkem512,*,*,*,*,
p384_mlkem768,*,*,*,*,
x448_mlkem768,*,*,*,*,
bp384_mlkem768,*,*,*,*,
p521_mlkem1024,*,*,*,*,
bp512_mlkem1024,*,*,*,*,
