**Algorithm Name**,**Hybrid Algorithm (*)**,**TLS Handshake Test Support (*)**,**OpenSSL Speed Test Support (*)**,**TLS Handshake Bytes Test Support (*)**,**Requires Enabling (*)**
p256_mldsa44,*,*,*,*,
rsa3072_mldsa44,*,*,*,*,
p384_mldsa65,*,*,*,*,
p521_mldsa87,*,*,*,*,
falcon512,,*,*,*,
falconpadded512,,*,*,*,
falcon1024,,*,*,*,
falconpadded1024,,*,*,*,
p256_falcon512,*,*,*,*,
rsa3072_falcon512,*,*,*,*,
p256_falconpadded512,*,*,*,*,
rsa3072_falconpadded512,*,*,*,*,
p521_falcon1024,*,*,*,*,
p521_falconpadded1024,*,*,*,*,
mayo1,,*,*,*,
mayo2,,*,*,*,
mayo3,,*,*,*,
mayo5,,*,*,*,
p256_mayo1,*,*,*,*,
p256_mayo2,*,*,*,*,
p384_mayo3,*,*,*,*,
p521_mayo5,*,*,*,*,
CROSSrsdp128balanced,,*,*,*,
CROSSrsdp128fast,,*,*,*,*
CROSSrsdp128small,,*,*,*,*
CROSSrsdp192balanced,,*,*,*,*
CROSSrsdp192fast,,*,*,*,*
CROSSrsdp192small,,*,*,*,*
CROSSrsdp256small,,,*,,*
CROSSrsdpg128balanced,,*,*,*,*
CROSSrsdpg128fast,,*,*,*,*
CROSSrsdpg128small,,*,*,*,*
CROSSrsdpg192balanced,,*,*,*,*
CROSSrsdpg192fast,,*,*,*,*
CROSSrsdpg192small,,*,*,*,*
CROSSrsdpg256balanced,,*,*,*,*
CROSSrsdpg256fast,,*,*,*,*
CROSSrsdpg256small,,*,*,*,*
OV_Is,,,*,,*
OV_Ip,,,*,,*
OV_III,,,*,,*
OV_V,,,*,,*
OV_Is_pkc,,,*,,
OV_Ip_pkc,,*,*,*,
OV_III_pkc,,,*,,*
OV_V_pkc,,,*,,*
OV_Is_pkc_skc,,,*,,
OV_Ip_pkc_skc,,*,*,*,
OV_III_pkc_skc,,,*,,*
OV_V_pkc_skc,,,*,,*
p256_OV_Is,*,,*,,*
p256_OV_Ip,*,,*,,*
p384_OV_III,*,,*,,*
p521_OV_V,*,,*,,*
p256_OV_Is_pkc,*,,*,,
p256_OV_Ip_pkc,*,*,*,*,
p384_OV_III_pkc,*,,*,,*
p521_OV_V_pkc,*,,*,,*
p256_OV_Is_pkc_skc,*,,*,,
p256_OV_Ip_pkc_skc,*,*,*,*,
p384_OV_III_pkc_skc,*,,*,,*
p521_OV_V_pkc_skc,*,,*,,*
snova2454,,*,*,*,
snova2454shake,,,*,,*
snova2454esk,,*,*,*,
snova2454shakeesk,,,*,,*
snova37172,,*,*,*,
snova2583,,,*,,*
snova56252,,,*,,*
snova49113,,,*,,*
snova3784,,,*,,*
snova2455,,*,*,*,
snova60104,,,*,,*
snova2965,,*,*,*,
p256_snova2454,*,*,*,*,
p256_snova2454shake,*,,*,,*
p256_snova2454esk,*,*,*,*,
p256_snova2454shakeesk,*,,*,,*
p256_snova37172,*,*,*,*,
p256_snova2583,*,,*,,*
p384_snova56252,*,,*,,*
p384_snova49113,*,,*,,*
p384_snova3784,*,,*,,*
p384_snova2455,*,*,*,*,
p521_snova60104,*,,*,,*
p521_snova2965,*,*,*,*,
mqom2cat1gf16fastr5,,*,*,*,
mqom2cat1gf16fastr3,,*,*,*,*
mqom2cat1gf16shortr5,,*,*,*,*
mqom2cat1gf16shortr3,,*,*,*,*
mqom2cat3gf16fastr5,,*,*,*,
mqom2cat3gf16fastr3,,*,*,*,*
mqom2cat3gf16shortr5,,*,*,*,*
mqom2cat3gf16shortr3,,*,*,*,*
mqom2cat5gf16fastr5,,*,*,*,
mqom2cat5gf16fastr3,,*,*,*,*
mqom2cat5gf16shortr5,,*,*,*,*
mqom2cat5gf16shortr3,,*,*,*,*
p256_mqom2cat1gf16fastr5,*,*,*,*,
p256_mqom2cat1gf16fastr3,*,*,*,*,*
p256_mqom2cat1gf16shortr5,*,*,*,*,*
p256_mqom2cat1gf16shortr3,*,*,*,*,*
p384_mqom2cat3gf16fastr5,*,*,*,*,
p384_mqom2cat3gf16fastr3,*,*,*,*,*
p384_mqom2cat3gf16shortr5,*,*,*,*,*
p384_mqom2cat3gf16shortr3,*,*,*,*,*
p521_mqom2cat5gf16fastr5,*,*,*,*,
p521_mqom2cat5gf16fastr3,*,*,*,*,*
p521_mqom2cat5gf16shortr5,*,*,*,*,*
p521_mqom2cat5gf16shortr3,*,*,*,*,*
